epoch,train/box_loss,train/cls_loss,train/obj_loss,metrics/precision,metrics/recall,metrics/mAP_0.5,metrics/mAP_0.5:0.95,x/lr0
1,1.1291826713030741,1.1291826713030741,0.0,0.5059999998554285,0.5059999998554285,0.5059999998554285,0.4806999998626571,0.001
2,1.0382901781225857,1.0382901781225857,0.0,0.5142857141387756,0.5142857141387756,0.5142857141387756,0.48857142843183676,0.001
